Registrant Name,Sector,Amount
Entergy Nuclear Vermont Yankee,Energy,2021374.21
Vermont Association of Hospitals & Health Systems (VAHHS),Health Care,1769738.4599999997
American Beverage Association,Business,1734647.2300000002
Vermont Public Interest Research Group,Government & Public Affairs,1637251.5799999994
Vermont State Employees Association VSEA,Labor Unions,1202959.6199999999
Green Mountain Power,Energy,979990.3900000002
AARP,Elderly,731925.2500000001
Beverage Association of Vermont,Non-alcoholic beverages,678525.9400000001
Rutland Regional Medical Center,Health Care,663836.0099999997
AT&T,Telecommunications,573231.87
Blue Cross and Blue Shield of Vermont,Health Care,554926.4700000001
Comcast,Telecommunications,540301.54
Association of Vermont Credit Unions,Bank & Finance,525070.6399999999
Vermont League of Cities and Towns,Government & Public Affairs,521846.3300000001
Vermont Energy Investment Corp. (VEIC),Energy,501176.21000000014
Bi-State Primary Care Association,Health Care,495952.9200000002
Vermont Medical Society,Health Care,494049.1300000001
Velco,Energy,476554.7100000001
"VISA, Inc.",Bank & Finance,475150.0
Vermont Home and Community Care,Health Care,461626.10000000003
New England Cable and Telecommunications Association,Telecommunications,454985.33
Patient Choices at End of Life - Vermont,Health Care,449694.12
Vermont Wholesale Beverage Association,Alcohol,441237.38999999996
Marijuana Policy Project,Marijuana,428824.73
Lake Champlain Regional Chamber of Commerce,Business,423580.27
Anheuser-Busch Companies,Alcohol,422439.5700000002
Casella Waste Management,Environment,419176.24
"Omya, Inc",Environment,414667.33999999997
Vermont State Dental Society,Health Care,413501.07999999996
Renewable Energy Vermont,Energy,400364.06000000006
Vermont Health Care Association,Health Care,388515.03
Vermont Association for Justice,Civil & Criminal Justice,375252.0
Pharmaceutical Research and Manufacturers of America,Pharmaceuticals,368961.30999999994
Delta Dental Plan of Vermont,Health Care,368887.27
Verizon,Telecommunications,367335.7899999999
America's Health Insurance Plans,Health Care,362013.2900000001
Vermont Chamber of Commerce,Business,356522.23000000004
RAI Services,Tobacco,355950.37999999995
Vermont-NEA,Education,338264.63999999996
Campaign for Vermont Prosperity,Government & Public Affairs,332830.63
St. Johnsbury Academy,Education,332262.6499999999
The University of Vermont Health Network,Health Care,330602.75
Pfizer Inc.,Pharmaceuticals,325138.45
Vermont Housing & Conversation Coalition,Housing,322676.7200000002
Vermont Chiropractic Association,Health Care,320461.0
"Vermont Bankers Association, Inc",Bank & Finance,315978.1
Vermont Electric Cooperative,Energy,309446.37999999995
Vermont Optometric Association,Health Care,301931.91
"Optum, Inc.",Health Care,282500.71
Vermont Student Assistance Corporation,Education,272202.77
Vermont Land Trust,Environment,270979.69000000006
Dartmouth Hitchcock Medical Center,Health Care,270000.0
American Insurance Association,Insurance,263137.42
Vermont Gas Systems,Energy,262525.87
Brattleboro Retreat,Health Care,261236.25
American Petroleum Institute,Energy,260073.0
Vermont Association of Planning & Development Agencies,Government & Public Affairs,252470.0
"Johnson & Johnson Services, Inc.",Pharmaceuticals,250021.84000000003
American Heart Association,Health Care,249441.54
Railroad Association of Vermont,Transportation,248548.6
Associated Industries of Vermont,Business,241026.30000000002
Vermont Businesses for Social Responsibility,Business,238510.0
City of Burlington,Government & Public Affairs,236906.93
Personal Care Products Council,Retail,236861.24000000002
Vermont Independent Schools Association,Education,236577.26
Express Scripts Inc.,Pharmaceuticals,236247.72999999998
Vermont Realtors,Real Estate,230706.09999999998
Toy Industry Association,Toys,228350.42
"Intralot, Inc.",Gaming,228189.83
United Profession/AFT Vermont,Labor Unions,227148.76
Alliance of Automobile Manufacturers,Transportation,226399.09
American Cancer Society Cancer Action Network,Health Care,223762.97
"American International Group, Inc.",Insurance,223209.99
Vermont Association of Chain Drug Stores,Pharmaceuticals,222300.0
Green Mountain Dairy Farmers,Agriculture ,221912.26
MVP Health Care Inc.,Health Care,221233.0
"Consolidated Communications, Inc.",Telecommunications,218789.33000000002
Mylan Inc.,Health Care,216875.0
Let's Grow Kids,Children & Youth,216452.98
National Shooting Sports Foundation (NSSF),Gun,211254.0
Vermont Alliance for Ethical Healthcare,Health Care,207738.25
Biotechnology Industry Organization,Health Care,202995.56999999983
Vermont Law School,Education,198694.32000000004
Vermont Captive Insurance Association,Insurance,198481.0
Global Foundries US,Manufacturing,196305.0
CVS,Pharmaceuticals,196280.84
The Humane Society of the United States,Environment,196070.99
State Farm Insurance Companies,Insurance,191697.16999999998
American Chemistry Council,Pharmaceuticals,191228.89
Vermont Natural Resources Council,Energy,185012.86
"MasterCard International, Inc",Bank & Finance,184838.34999999998
Vermont Solid Waste District Manager's Association,Environment,182750.0
FedEx Corporation,Transportation,178867.0
Eversource Energy Services Company,Energy,172411.0
Vermont Truck & Bus Association,Transportation,171356.0
Vermont School Boards Association,Education,166242.03999999992
Vermont Retired State Employees Association,Elderly,163237.28
Conservation Law Foundation,Environment,162603.17999999996
Vermont Fuel Dealers Association,Energy,162420.49
AFT Vermont,Health Care,161442.70000000004
"MVP Health Plan, Inc.",Health Care,158010.29
Property Casualty Insurers Association of America,Insurance,157509.88
Gunsense Vermont,Gun,154402.07
Vermont Association of Snow Travelers,Ski Industry,154018.0
United Nurses & Allied Professionals,Labor Unions,153416.76
"Oracle America, Inc.",Telecommunications,153230.0
Burr and Burton Academy,Education,148800.0
Wine Institute,Alcohol,148000.0
Vermont Petroleum Association,Energy,147159.74
Hewlett Packard Company,Manufacturing,144434.39
Vermont Bar Association,Civil & Criminal Justice,143856.7
"DISH Network, LLC",Telecommunications,142180.06999999998
First Wind Energy,Energy,142100.0
Working Vermont,Labor Unions,140400.0
Vermont Association of Public Housing Directors,Housing,138600.0
Connecticut Attorneys Title Company,Real Estate,138537.0
Drug Policy Alliance,Civil & Criminal Justice,137083.37000000002
Springfield Hospital,Health Care,136274.0
"Preservation Trust of Vermont, Inc.",Environment,136083.11
Dominion Diagnostics,Health Care,135000.0
Town of Dover,Government & Public Affairs,133624.4
Gifford Medical Center,Health Care,133429.0
Vermont Association of Realtors,Real Estate,132977.74
The Sharon Academy,Education,131777.62
Health First,Health Care,131499.97999999998
Copley Hospital,Health Care,130758.0
Vermont Council Developmental & Mental Health Services,Health Care,129407.81000000001
Vermont Superintendents Association,Education,128965.46999999999
Vermont Farm Bureau,Agriculture ,128886.47
Apple Inc.,Business,126784.3
Vermont Public Power Supply Authority,Energy,126149.0
Vermont Dairy Producers Alliance,Agriculture ,125937.0
American Express,Bank & Finance,125630.9
"Vermont Legal Aid, Inc.",Civil & Criminal Justice,125257.4
Community of Vermont Elders,Elderly,125017.74
BAYADA Home Health Care,Health Care,124229.6
Everytown for Gun Safety Action Fund,Gun,124180.43
Biotechnology Industry Organization,Pharmaceuticals,123382.0
"Vermont Parent Child Center, Inc.",Children & Youth,121452.13
Vermont Ski Areas Association,Ski Industry,120821.82
Vermont State Colleges,Education,120453.77
DirecTV,Telecommunications,118316.31
"Exeter Group, Inc.",Telecommunications,117718.75
Vermont Apartment Owners Association,Real Estate,116600.42000000001
Vermont Information Consortium,Telecommunications,115855.53
National Grid,Energy,114914.06000000001
"Internet Coalition, Inc.",Telecommunications,113892.25000000001
Procter & Gamble,Manufacturing,113383.45
National Federation of Independent Business,Business,112553.75
"Stantec Consulting Services, Inc.",Education,111725.0
Planned Parenthood,Health Care,110117.57
"Asurion, LLC",Insurance,109538.0
Cigna,Health Care,109500.0
Vermont Community Loan Fund,Children & Youth,109036.98000000001
GBIC,Labor Unions,108147.98
American Council for an Energy Efficient Economy,Energy,106818.89000000001
"Vermont Telephone Company, Inc",Telecommunications,105792.20999999999
Pomerleau Real Estate,Real Estate,105636.65
Vermont Insurance Agents Association,Insurance,104451.0
"Uber Technologies, Inc.",Transportation,103050.0
"Vermont Afterschool, Inc.",Education,102315.87999999999
"V.R.D., Inc.",Pharmaceuticals,101677.36
"DraftKings, Inc.",Gaming,100949.46
Vermont Public Transportation Association,Transportation,100110.04000000001
Maximus,Health Care,98980.75
American Resort Development Association,Real Estate,96075.0
Vermont Society of Certified Public Accountants,Labor Unions,96003.48999999999
Vermonters for Schools and Communities,Education,96000.0
Wells Fargo,Bank & Finance,95733.51
OAS Inc.,Health Care,95500.0
"Nature Conservancy, The",Environment,95460.10999999999
Vermont Retail Druggists,Pharmaceuticals,95353.0
Vermont Brewers Association,Alcohol,94858.30000000002
Vermont Housing & Conservation Coalition,Housing,93249.66
"FanDuel, Inc",Gaming,92629.47
Enterprise Holdings,Transportation,91089.14
Bank of America,Bank & Finance,90125.65000000002
Campaign for the Fair Sentencing of Youth,Civil & Criminal Justice,90065.0
Vermont Municipal Clerks & Treasurers Association,Government & Public Affairs,90000.0
3M Company,Manufacturing,89751.0
Nationwide Insurance Companies,Insurance,89352.03
Diageo,Alcohol,88590.0
Burlington Electric Department,Energy,87636.51000000001
Associated Industries of VT,Manufacturing,85024.8
Vermont Network Against Domestic & Sexual Violence,Civil & Criminal Justice,84992.01999999999
Abbott,Pharmaceuticals,83560.9
Forest Partnership,Environment,83080.91
CIGNA HealthCare,Health Care,82000.0
Exxon Mobil Corporation,Energy,81711.0
"Express Scripts, Inc.",Pharmaceuticals,80418.90000000001
Deere & Company,Manufacturing,80000.0
Merck Sharp & Dohme Corp,Pharmaceuticals,79761.41999999998
American Council of Life Insurers,Insurance,79565.0
Compassion & Choices,Health Care,79050.06
Dartmouth-Hitchcock Medical Center,Health Care,79000.0
"Medco Health Solutions, Inc.",Health Care,78059.45999999999
Vermont Coalition for Disability Rights,Accessibility,77500.0
American Civil Liberties Union of Vermont,Civil & Criminal Justice,76964.94000000003
Fletcher Allen Health Care,Health Care,76654.0
Vermont Information Technology Leaders,Telecommunications,76346.39
Consumer Healthcare Products Association,Health Care,75954.59000000003
Champlain Housing Trust,Housing,74661.70000000001
"OneCare Vermont, LLC",Health Care,72806.15
Vermont Center for Independent Living,Accessibility,71419.63
APS Healthcare,Health Care,70600.0
Vermont Principals Association,Education,70033.29000000004
Iberdrola Renewables,Environment,69673.06
Fletcher Allen Heallth Care,Health Care,69176.0
"Greenwich Biosciences, Inc.",Pharmaceuticals,69173.95999999999
Northeastern Retail Lumber Association,Environment,69083.29000000001
CoreCivic,Civil & Criminal Justice,67253.30999999998
Service Employee International Union (SEIU),Labor Unions,66500.0
American Petroleum Association,Energy,66488.5
Vermont Pharmacists Association,Pharmaceuticals,65140.0
Vermonters for Health Care Freedom,Health Care,65126.44
Vermont Right to Life Committee,Health Care,64443.12000000002
McKesson Corporation,Health Care,64225.0
Voices for Vermont's Children,Children & Youth,62918.47000000001
CIGNA Healthcare,Health Care,62000.0
TDI New England,Environment,61833.17000000001
DXC Technology Company,Telecommunications,61714.259999999995
Jay Peak Inc.,Ski industry,61144.4
Fairpoint Communications,Telecommunications,60231.84
Main Street Alliance of Vermont,Business,60198.25
"Intrado, Inc.",Telecommunications,60195.0
Vermont Building & Construction Trades Council,Real Estate,60000.0
Hewlett-Packard Company,Manufacturing,60000.0
FairPoint Communications,Telecommunications,59786.75
Town & Village of Woodstock,Government & Public Affairs,58826.71
Vermont Council on the Arts,Arts,57805.49
Vermont Energy Partnership,Energy,57777.75
Vermont Mortgage Bankers Association,Bank & Finance,57544.96
Middlebury College,Education,57414.5
Long Trail School,Education,57332.92
Vermont Association of Nurse Anesthetists,Health Care,56509.0
NeighborWorks of Western Vermont,Housing,56500.0
Vermont CARES,Health Care,56500.0
CropLife America,Agriculture ,55857.149999999994
Spectrum Youth & Family Services,Children & Youth,55227.5
Grassroots Vermont,Marijuana,54913.0
National Rifle Association of America,Telecommunications,54386.16000000001
Association of Vermont Independent Colleges,Education,53999.0
Housing Vermont,Housing,53030.24
Maple Leaf Farm,Agriculture ,52500.0
T-Mobile Us Inc.,Telecommunications,52400.0
Vermont Federation of Nurses & Health Professionals,Labor Unions,52298.26
"Sam Action, Inc.",Marijuana,51664.05
Greater Burlington Industrial Corporation,Business,51583.32
Vermont Affordable Housing Coalition,Housing,51474.0
Greater Burlington YMCA,Labor Unions,51256.0
Vermont Acupuncture Association,Health Care,51166.60000000001
The Permanent Fund for Vermont's Children,Childern & Youth,51121.45
Working Lands Coalition,Agriculture ,50620.04
Northeast Equipment Dealers Association,Business,50410.74
The J.M. Smucker Company,Manufacturing,50287.5
Vermonters for a Clean Environment,Environment,49693.74
AllEarth Renewables,Environment,49494.66
"Washington Electric Cooperative, Inc",Energy,49297.45999999997
Vermont State Labor Council,Labor Unions,49196.369999999995
Vermont PBS,Media & Journalism,49030.54
AMTA-VT,Health Care,48999.3
Beaverwood Energy,Energy,48750.75
Takeda Pharmaceuticals America,Pharmaceuticals,47759.95
"Lyft, Inc.",Transportation,47505.0
Vermont Petroleum Associaton,Energy,47456.0
Vermont Dental Hygienist's Association,Health Care,46850.0
Vermont Conservation Voters,Environment,46558.51000000001
CVAA - Champlain Valley Agency on Aging,Elderly,45620.00000000001
"Indivior, Inc.",Health Care,45457.0
UPS,Transportation,45331.34
SunEdison,Energy,45000.0
Vermont Wind LLC,Energy,45000.0
Vermont Association of Adult Day Services,Health Care,44694.0
Vermont Arts Council,Arts,44400.0
American Council of Life Insurers (ACLI),Insurance,44400.0
Association of Perioperative Registered Nurses,Health Care,44262.930000000015
Vermont Federation of Sportmen's Clubs,Gun,43847.520000000004
Vermont Council on Rural Development,Agriculture ,43474.90000000002
CNSI,Telecommunications,43200.0
Satelilite Broadcasting & Communications,Telecommunications,43124.15
TransCanada Hydro Northeast,Energy,42976.0031
Vermont Council of Special Education Administrators - VCSEA,Education,42715.469999999994
Verus Financial LLC,Bank & Finance,42500.0
Vermont Trial Judges Association,Civil & Criminal Justice,42000.0
Vermont Veterinary Medical Association,Veterinarians,41945.0
Vermont Ground Water Association,Environment,41250.0
Lyndon Institute,Education,41005.83
"Preservation Trust of Vermont, Inc",Environment,41000.0
Myers Waste &amp; Recycle,Environment,40500.0
"Best Bingo Supplies, Inc.",Gaming,40397.0
"Reckitt Benckiser Pharmaceuticals, Inc",Pharmaceuticals,40275.670000000006
Audubon Vermont,Environment,40103.07000000001
Rubber Manufacturers Association,Business,39954.23
Northeast Kingdom Council on Aging,Elderly,38957.66
Vermont Association of Assistant Judges,Civil & Criminal Justice,38460.0
TruGreen,Business,38090.0
Bristol-Myers Squibb,Pharmaceuticals,37938.0
Propy Inc.,Business,37061.36
Civics Proficiency Institute,Education,36895.8
Vermont Association of County Judges,Civil & Criminal Justice,36670.75
Community Justice Network of Vermont,Civil & Criminal Justice,36500.0
Southwestern Vermont Council on Aging,Elderly,36407.76000000001
Myers Waste and Recycle,Environment,36000.0
Vermont Press Association,Media & Journalism,35854.0
Council for Biotechnology Information (BIO-CBI),Pharmaceuticals,35800.0
Caterpillar,Manufacturing,35000.0
Vermonters for Honest Government,Government & Public Affairs,34896.64
Vermont Chapter of the Sierra Club,Environment,34543.0
Waitsfield and Champlain Valley Telecom,Telecommunications,33958.71
"AstraZeneca Pharmaceuticals, LP",Pharmaceuticals,33878.0
Associates Industries of Vermont,Manufacturing,33806.33
Myers Containers & Recycling,Environment,33653.0
Lake Champlain Committee,Environment,33634.45
National Association of Vision Care Plans,Health Care,33335.0
Vermont Psychiatric Association,Health Care,32600.0
Vermont Psychological Association,Health Care,32550.0
RELX Inc.,E-commerce,32515.0
ClearChoiceMD,Health Care,32500.0
Central Vermont Council on Aging,Elderly,32205.40000000001
Public Assets Institute,Government & Public Affairs,32146.15
Association for Accessible Medicines,Health Care,32135.1
"Molina Healthcare, Inc",Health Care,32122.8
Vermont Nurse Practitioner Association,Labor Unions,32060.46
"Encore Capital Group, Inc.",Bank & Finance,32000.0
Vermont Legal Aid,Civil & Criminal Justice,31981.489999999998
Corrections Corporation of America,Prisons,31901.23
Disability Rights Vermont,Accessibility,31224.9
VTel Wireless,Telecommunications,31050.0
Elevator Industry Work Preservation Fund,Environment,30471.0
"Syngenta Crop Protection, LLC",Agriculture ,30333.0
IGPS Logistics LLC,Manufacturing,30000.0
Town of Vernon,Government & Public Affairs,30000.0
American Cancer Society Action Network ( ACS CAN ),Health Care,29979.649999999998
Weyerhaeuser Company and Its Affilliates,Environment,29894.589999999993
WestRock,Business,29741.43
Property and Casualty Insurers Association of America,Insurance,29733.209999999995
"Cisco Systems, Inc.",Telecommunications,29220.0
"GII Development, LLC",Real Estate,29203.33
Energize Vermont,Energy,29105.53
National Electrical Manufacturers Association,Health Care,29000.0
Pyrofax Energy,Energy,28862.5
Vermont Association of Naturopathic Physicians,Health Care,28750.0
Central Vermont Chamber of Commerce,Business,28655.179999999997
Caterpillar Inc.,Manufacturing,28000.0
Vermont Workers' Center,Health Care,27357.789999999994
"Snyder Braverman Development Company, LLC",Real Estate,27000.0
American Lung Association,Health Care,26825.459999999995
Bullrock Deutsche Eco Solar,Energy,26516.9
Vermont Assoc. for Ethical Healthcare,Health Care,26500.0
Vermont Cannabis Trades Association,Marijuana,26500.0
Vermont Chapter of the American Physical Therapy Association,Health Care,26240.26
Vermont Ski Areas Associaton,Ski Industry,25608.0
Vermont Head Start Association,Education,24594.0
American Civil Liberties Union of Vermont (ACLU),Civil & Criminal Justice,24120.07
MPA - The Association of Magazine Media,Media & Journalism,24049.59
Vermont Trappers Association,Environment,24000.0
Vermont Assn of Domestic Property & Casualty Insurance Companies,Insurance,23974.65
"Boehringer Ingelheim Pharmaceuticals, Inc.",Pharmaceuticals,23398.41
"Association of Vermont Credit Unions, Inc",Bank & Finance,22925.25
WCAX,Telecommunications,22400.0
America's Natural Gas Alliance,Energy,22147.54
"Vermont Legal Aid, Inc",Civil & Criminal Justice,22103.859999999997
Vermont Association of Area Agencies on Aging,Elderly,21698.499999999996
"Porter Medical Center, Inc.",Health Care,21464.31
"Suburban Propane, LP",Energy,21350.0
Shelburne Farms,Agriculture ,21250.0
Vermont Independent Power Producers Association (VIPPA),Energy,21225.0
Town/Village of Woodstock,Government & Public Affairs,20962.13
"Century International Arms, Inc.",Gun,20567.690000000002
American Family Life Assurance Company,Insurance,20500.0
"Physicians Families and Friends for a Better Vermont, Education Fund",Marijuana,20399.32
APS Healthcare ( innovatiave Resource Group LLC),Health Care,19800.0
"Vermont Independent Pharmacists Association, LLC",Pharmaceuticals,19755.0
"Apple, Inc.",Business,19652.74
"Green Mountain Clean Energy, LLC",Energy,18750.0
AstraZeneca Pharmaceuticals. LP,Pharmaceuticals,18734.2
Master Limited Partnership Association (MLPA),Business,18720.0
"Reckitt Benckiser Pharmaceuticals, Inc.",Pharmaceuticals,18528.0
Vertex Pharmaceuticals Incorporated,Pharmaceuticals,18500.0
Acadia Insurance,Insurance,18219.0
Giffords,Gun,18043.06
"Council on Aging for Southeastern Vermont, Inc",Elderly,18017.770000000004
Association of Equipment Manufactures,Manufacturing,18000.0
Mosaic Learning Center,Education,18000.0
"ArcLight Capital Partners, LLC",Bank & Finance,18000.0
First American Title Insurance Co.,Insurance,18000.0
Vermont School Board Insurance Trust (VSBIT),Education,17962.339999999997
College Board,Education,17821.33
GBLC,Labor Unions,17775.0
Vermont Podiatric Medical Association,Health Care,17645.0
Pathways Vermont,Health Care,17627.77
Lake Champlain International,Environment,17402.699999999997
"General Dynamics -- OTS, Inc.",Defense Armament,17396.0
Vermont Education Health Care Initiative (VEHI),Health Care,17253.34
"Spark Networks USA, LLC",Telecommunications,16874.29
Central Vermont Council On Aging,Elderly,16661.45
Central Vermont Medical Center,Health Care,16541.97
Insurance Auto Auctions Inc.,Insurance,16460.5
"Council on Aging for Southeastern Vermont, Inc.",Elderly,16198.599999999999
"Bayer HealthCare, LLC",Pharmaceuticals,16135.939999999999
Vermont Independent Power Producers Association,Energy,16085.0
Vermont Mental Health Counselors Association,Health Care,16000.0
Sunovion Pharmaceuticals Inc.,Pharmaceuticals,15930.3
"People For Acupuncture, Inc.",Health Care,15250.0
"Brooks Bawden, LLC",Firm,15143.2
Physician Assistant Academy of Vermont,Health Care,15075.0
iGPS Logistics LLC,Manufacturing,15000.0
National Electrical Manufacturers Association,Manufacturing,15000.0
Leading Age Vermont,Elderly,14925.0
National Association of Mutual Insurance Companies (NAMIC),Insurance,14807.930000000004
Burlington Housing Authority,Housing,14717.25
Bruce M. Lisman,Business,14610.39
Town of Waterbury,Government & Public Affairs,14377.5
National Life Group,Health Care,14372.0
Village of Lyndonville Electric Department,Government & Public Affairs,14061.350000000002
"Taser International, Inc.",Defense Armament,14000.0
GlaxoSmithKline,Pharmaceuticals,13993.0
Swanton Wind LLC,Energy,13905.97
Upper Valley Land Trust,Environment,13750.0
Teamsters Union Local 597,Labor Unions,13575.0
Southwestern Council on Aging,Elderly,13468.6
"American Cancer Society, New England Division",Health Care,13446.0
Vermont Association for the Education of Young Children,Education,13399.22
Reinsurance Association of America,Insurance,13275.0
"American Cancer Society, Inc.",Health Care,13256.58
Vermont Pharmacists Associaton,Pharmaceuticals,13239.0
Village of Morrisville Water & Light Department,Government & Public Affairs,12925.400000000001
Vermont Ski Areas Association ,Ski Industry,12810.0
Prudential Financial Inc.,Bank & Finance,12632.5
Amgen,Pharmaceuticals,12461.419999999998
"Vermont Growers, Inc.",Agriculture ,12180.0
Bayer U.S. LLC,Pharmaceuticals,12102.699999999995
Pine State Trading Co.,Alcohol,12010.0
"Cigar Association of America, Inc.",Tobacco,12000.0
APETROP USA,Insurance,12000.0
"Honda North America, Inc.",Transportation,12000.0
Chittenden Solid Waste District,Environment,11995.52
Coca-Cola of Northern New England,Non-alcoholic beverages,11870.0
Village of Ludlow Electric Light Department,Government & Public Affairs,11365.910000000002
Vermont Campaign for Health Care Security Education Fund,Health Care,11299.57
Commonwealth Land Title Insurance Co.,Insurance,11280.0
Vermont Campaign for Health Care Security,Health Care,11083.75
Wireless Telecommunication Tax Simplification Coalition,Telecommunications,11066.98
AFLAC,Insurance,11060.0
Citigroup Management Corp,Bank & Finance,10864.12
Shoreham Telephone Company,Telecommunications,10837.349999999999
American Lung Association of Vermont,Health Care,10765.25
Vermont Veterinary Medical Society,Veterinarians,10750.0
Vermont Agricultural Fairs Association,Agriculture ,10617.360000000002
Direct Marketing Association,Telecommunications,10516.48
Vermont Coalition for Vaccine Choice (VCVC),Health Care,10500.0
American Society for the Prevention of Cruelty to Animals,Environment,10090.140000000001
Town of Bennington,Government & Public Affairs,10000.0
Rutland Redevelopment Authority/City of Rutland,Government & Public Affairs,10000.0
Migrant Justice,Civil & Criminal Justice,10000.0
Town of Springfield,Government & Public Affairs,10000.0
Nurse-Family Partnership,Health Care,10000.0
Sd Associates LLC,Health Care,10000.0
Vermont Worker's Center,Health Care,9683.11
Northwestern Medical Center,Health Care,9660.22
Vermont Academy of Nutrition and Dietetics,Health Care,9650.0
"Beacon Information Designs, LLC",Marijuana,9610.0
American Suppressor Association,Gun,9605.34
Ludlow Telephone Company,Telecommunications,9553.48
Vermont Planners Association,Urban issues,9436.7
Senior Solutions - Council on Aging,Elderly,9401.57
"Village of Swanton, Inc Electric Department",Government & Public Affairs,9357.710000000001
Spectrum Youth and Family Services,Children & Youth,9064.99
Real Estate Valuation Advocacy Association,Real Estate,9040.0
"Rights & Democracy Project, Inc.",Poverty,8879.49
Magellan Health Services,Health Care,8791.0
Vermont Speech-Language Hearing Association,Health Care,8750.0
Howard Center,Health Care,8444.99
American Council Of Life Insurers ( ACLI ),Insurance,8364.25
Novartis Pharmaceuticals Corporation,Pharmaceuticals,8239.74
CenturyLink,Telecommunications,8210.0
Town of Hardwick Electric Department,Government & Public Affairs,8076.209999999999
Vermont Press Associaton,Media & Journalism,8075.0
Vermont Fuel Dealers Association ,Energy,8000.0
Insurance Auto Auctions,Insurance,7880.0
Burton Snowboards,Ski industry,7875.0
"Bradford Healthcare Company, LLC",Health Care,7800.0
Wireless Telecommunications Tax Simplifiation Coalition,Telecommunications,7542.08
Presidio Network Solutions,Prisons,7500.0
Hunger Free Vermont,Poverty,7270.829999999999
John Deere Financial,Bank & Finance,7268.0
Apetrop USA Inc.,Insurance,7220.0
Northfield Telephone Company,Telecommunications,7119.430000000001
Enosburg Falls Water & Light Department,Government & Public Affairs,6871.6
Rural Education Action Project,Education,6855.17
Village of Northfield Electric Department,Government & Public Affairs,6839.21
"Ben & Jerry's Homemade, Inc.",Business,6832.7
"National Association of Social Workers, Vermont Chapter",Labor Unions,6750.0
Aprexis Health Solutions,Health Care,6750.0
American Council Of Life Insurers (ACLI),Insurance,6700.0
"Vermont Green Mountain Growers, LLC",Marijuana,6675.35
"Village of Swanton, Inc. Electric Department",Government & Public Affairs,6603.28
"Orrick, Herrington &amp; Sutcliffe LLP",Firm,6453.419999999999
Vermonters for Criminal Justice Reform,Civil & Criminal Justice,6436.49
350 Vermont,Environment,6329.730000000001
America's Promise - The Alliance for Youth,Children & Youth,6150.0
Southwestern Vermont Health Care,Health Care,6109.84
"Allergan, Inc.",Pharmaceuticals,6051.5
American Cancer Society Cancer Action Network (ACS CAN),Health Care,6000.0
"Apple, Inc",Business,6000.0
Employee Health Alliance,Health Care,6000.0
Brain Injury Association of Vermont,Health Care,6000.0
Lake Dunmore/Fern Lake Association,Environment,6000.0
Roche Diagnostics Corporation,Health Care,5942.4
CTIA - The Wireless Association,Telecommunications,5900.969999999999
Topsham Telephone Company,Telecommunications,5836.319999999999
Vermont Council of Special Education Administrators,Education,5826.25
Village of Orleans Electric Department,Government & Public Affairs,5610.2300000000005
"Central Vermont Council on Aging, Inc",Elderly,5565.25
Wireless Telecommunications Tax Simplifation Coalition,Telecommunications,5475.169999999999
Franklin Telephone Company,Telecommunications,5456.24
Perkinsville Telephone Company,Telecommunications,5431.4800000000005
Village of Johnson Water & Light Department,Government & Public Affairs,5368.469999999999
Wireless Telecommunications Tax Simplifation Coal.,Telecommunications,5362.610000000001
MPA - Association of Magazine Media,Media & Journalism,5150.0
Northstar Fireworks Dislpay,Retail,5000.0
Town of St. Johnsbury,Government & Public Affairs,5000.0
Vermont Health Care for all,Health Care,5000.0
City of Newport,Government & Public Affairs,5000.0
Alliance of Health Care Sharing Ministries,Health Care,5000.0
"City of Montpelier, Vermont",Government & Public Affairs,5000.0
Recovery House Inc.,Health Care,5000.0
"Imperium Advisors, LLC",Education,4949.84
Vermont Health Care for All,Health Care,4887.5
Northeast Organic Farming Association of Vermont,Agriculture ,4832.14
"NextEra Energy Resources, LLC",Energy,4800.0
"Suburban Propane, L.P.",Energy,4800.0
CNH Industrial America LLC,Manufacturing,4742.0
Mt. Ascutney Hospital and Health Care,Health Care,4656.71
Equifax Inc,Bank & Finance,4551.070000000001
Vanu Coverage Co.,Telecommunications,4519.0
Village of Hyde Park Electric Department,Government & Public Affairs,4487.650000000001
"Vermont Assn of Snow Travelers, Inc",Ski Industry,4413.0
"CompTIA Member Services, LLC",Telecommunications,4394.36
"UCB, Inc.",Pharmaceuticals,4331.18
Bayer Corporation,Pharmaceuticals,4325.06
Solar Communities,Energy,4200.0
Toxics Action Center Campaigns,Environment,4177.0
American Red Cross - Vermont & the New Hampshire Upper Valley,Health Care,4148.0
Vermont Rail Action Network,Transportation,4111.31
AAA,Insurance,4094.0
Bayer HealthCare LLC,Pharmaceuticals,4071.99
Bayer Healthcare. LLC,Pharmaceuticals,4046.13
ANA-Vermont,Health Care,3996.56
"Burlington Laboratories, Inc",Pharmaceuticals,3750.0
Vermont State Nurses Association,Labor Unions,3669.59
Morrisville Water & Light Department,Energy,3538.2
Vermont Health Care Assocation,Health Care,3500.0
Internet Association,Business,3367.5800000000004
Vermont Superintendents Assn,Education,3281.9
Wireless Telecommunication Tax Simplification,Telecommunications,3256.92
"Welltower, Inc.",Real Estate,3248.0
Cedar Hill Continuing Care Community,Health Care,3156.71
Vail Resorts Management Company,Ski industry,3125.0
"Vermont Rural Education Collaborative, Inc.",Education,3090.0
Association of Vermont Credit Unions (2),Bank & Finance,3064.95
First Data Corporation,Bank & Finance,2720.71
TD Bank US Holding Company,Bank & Finance,2658.26
"MindCare Solutions Group, Inc.",Health Care,2650.0
Purdue Pharma LP,Pharmaceuticals,2600.0
Vermont Agricultural Farms Association,Agriculture ,2550.0
Associaion of Home Appliance Manufacturers,Energy,2500.0
MillerCoors LLC,Alcohol,2492.7599999999993
"Mt. Mansfield Television, Inc/WCAX",Media & Journalism,2492.0
"MVP Health Plan, Inc",Health Care,2405.87
"Pike Industries, Inc.",Manufacturing,2380.0
"Air Transport Association of America, Inc.",Transportation,2350.0
The American Lung Assocation of New England DBA,Health Care,2250.0
Philips Lighting,Energy,2210.0
Village of Jacksonville Electric Company,Government & Public Affairs,2167.3199999999997
Vermont Citizens Campaign for Health,Health Care,2124.0
"Metlife, Inc",Insurance,2080.0
Software & Information Industry Association,Telecommunications,2000.0
Vermont Assn of Naturepathic Physicians ( VANP),Health Care,2000.0
"Vermont Green Line Devco, LLC",Energy,1847.42
American Lung Assocation of New England dba American Lung Assn. in Vermont,Health Care,1835.5
Vermont Assocaition of Realtors,Real Estate,1825.0
Tungsten Network,Business,1761.79
American Tort Reform Association,Civil & Criminal Justice,1680.0
Brennan Center for Justice,Government & Public Affairs,1644.0
"Vermont Railway, Inc",Transportation,1586.51
Washington County Mental Health,Health Care,1528.12
National Rifle Assocation of America,Gun,1518.1
Vermont Early Childhood Alliance,Children & Youth,1495.0
DirectTV,Telecommunications,1495.0
"Community Health Accountable Care, LLC",Health Care,1470.6
"Endyne Labs, Inc.",Pharmaceuticals,1400.0
Juvenile Products Manufacturers Association,Manufacturing,1300.0
Vermont Assn for the Education of Young Children,Childern & Youth,1280.6000000000001
Vermont Clean Water Coalition Inc,Environment,1205.0
Charter Communications,Telecommunications,1200.0
United Children's Services,Childern & Youth,1180.0
Congressional Sportsmen's Foundation,Environment,1160.59
Sanofi US,Health Care,1108.34
The Hertz Corporation,Transportation,1036.0
Vermont Coaliton for Disability Rights,Accessibility,1000.0
Great River Hydro,Energy,1000.0
U.S. Chamber Institute for Legal Reform,Civil & Criminal Justice,912.0
United Academics (AAUP/AFT),Education,775.0
Village of Jackonsville Electric Company,Government & Public Affairs,765.5
International Emissions Trading Association (IETA),Energy,673.25
Helen Porter Healthcare and Rehabiliation Ctr.,Health Care,661.3
Convention of States Action,Government & Public Affairs,632.45
American Isurance Association,Insurance,610.0
Town of Readsboro Electric Light Department,Government & Public Affairs,590.5799999999999
Lund Family Center,Children & Youth,539.55
Vermont League of Conservation Voters,Environment,525.75
Brookhaven Treatment and Learining Center,Health Care,494.0
Concerned Vermont Parents,Children & Youth,480.0
Northeast Kingdom Human Services,Health Care,375.0
Housing Vermont ,Housing,371.0
American Silencer Association,Gun,346.0
MedImmune,Pharmaceuticals,321.93
Local Motion,Transportation,274.98
U.S. Term Limits,Government & Public Affairs,266.31
Southwestern Vermont Health Care (Southwestern Vermont Medical Center),Health Care,250.5
"Honeywell International, Inc.",Energy,214.8
"American Lung Assn. of New England dba American Lung Assn. of Vermont, The",Health Care,200.0
IMS Health,Health Care,200.0
TDS Telecom - Ludlow Telephone Company,Telecommunications,173.0
"Champlain Valley Area Agency on Aging, Inc",Elderly,100.0
Adapt Pharma,Pharmaceuticals,38.15
IBEW Local Union 300,Labor Unions,0.0
"Metlife, Inc.",Insurance,0.0
"Capital Connections, LLC",Bank & Finance,0.0
American Assn. of Preferred Provider Org,Health Care,0.0
American Cancer Society,Health Care,0.0
School Choices Vermont,Education,0.0
Vermont Association for Mental Health,Health Care,0.0
eBay,E-commerce,0.0
United Insurance Company of America,Insurance,0.0
"AIV Insurance Services, Inc.",Insurance,0.0
ProSelect Insurance Company,Insurance,0.0
Porter Medical Center,Health Care,0.0
USAA,Insurance,0.0
"MetLife, Inc.",Insurance,0.0
Abilis,Health Care,0.0
Vermont Association for Health Physical Education Recreation and Dance,Health Care,0.0
"Weidmann Electrical Technology, Inc.",Energy,0.0
Vermont Workers Center,Health Care,0.0
American Financial Service Association,Bank & Finance,0.0
New England Organ Bank,Health Care,0.0
Vermont Health Access Network,Health Care,0.0
Beaver Wood Energy,Energy,0.0
Vermont Health Advocacy Network,Health Care,0.0
"Coburn & Feeley Property Management, Inc.",Real Estate,0.0
Vermont Rail System,Transportation,0.0
Clean Energy Group,Energy,0.0
Vermont Probate Judges,Civil & Criminal Justice,0.0
Citizens for Responsible Composting,Environment,0.0
Citigroup Management Corp.,Bank & Finance,0.0
Swisher International,Tobacco,0.0
The Innocence Project,Civil & Criminal Justice,0.0
"Endyne, Inc",Pharmaceuticals,0.0
Vermont Center for the Deaf and Hard of Hearing,Accessibility,0.0
Capital Connections LLC,Bank & Finance,0.0
Town of Middlesex,Government & Public Affairs,0.0
"Excellence in Education National, Inc.",Education,0.0
"Vermont Community Wind Farm, LLC",Energy,0.0
Vermont State Rifle & Pistol Association,Gun,0.0
"Vermont Education Network, Inc.",Education,0.0
Association of VT Independent Colleges,Education,0.0
"Credit Suisse Asset Management, LLC",Bank & Finance,0.0
"Coburn & Feeley Management, Inc.",Real Estate,0.0
